{
  "ABIRoot": {
    "kind": "Root",
    "name": "IADNFramework",
    "printedName": "IADNFramework",
    "children": [
      {
        "kind": "Import",
        "name": "SwiftUI",
        "printedName": "SwiftUI",
        "declKind": "Import",
        "moduleName": "IADNFramework",
        "declAttributes": [
          "RawDocComment"
        ]
      },
      {
        "kind": "TypeDecl",
        "name": "AuthViewControllerWrapper",
        "printedName": "AuthViewControllerWrapper",
        "children": [
          {
            "kind": "Constructor",
            "name": "init",
            "printedName": "init()",
            "children": [
              {
                "kind": "TypeNominal",
                "name": "AuthViewControllerWrapper",
                "printedName": "IADNFramework.AuthViewControllerWrapper",
                "usr": "s:13IADNFramework25AuthViewControllerWrapperV"
              }
            ],
            "declKind": "Constructor",
            "usr": "s:13IADNFramework25AuthViewControllerWrapperVACycfc",
            "mangledName": "$s13IADNFramework25AuthViewControllerWrapperVACycfc",
            "moduleName": "IADNFramework",
            "declAttributes": [
              "Preconcurrency",
              "Custom",
              "AccessControl",
              "RawDocComment"
            ],
            "init_kind": "Designated"
          },
          {
            "kind": "Function",
            "name": "makeUIViewController",
            "printedName": "makeUIViewController(context:)",
            "children": [
              {
                "kind": "TypeNominal",
                "name": "AuthViewController",
                "printedName": "IADNFramework.AuthViewController",
                "usr": "c:@M@IADNFramework@objc(cs)AuthViewController"
              },
              {
                "kind": "TypeNominal",
                "name": "UIViewControllerRepresentableContext",
                "printedName": "SwiftUI.UIViewControllerRepresentableContext<IADNFramework.AuthViewControllerWrapper>",
                "children": [
                  {
                    "kind": "TypeNominal",
                    "name": "AuthViewControllerWrapper",
                    "printedName": "IADNFramework.AuthViewControllerWrapper",
                    "usr": "s:13IADNFramework25AuthViewControllerWrapperV"
                  }
                ],
                "usr": "s:7SwiftUI36UIViewControllerRepresentableContextV"
              }
            ],
            "declKind": "Func",
            "usr": "s:13IADNFramework25AuthViewControllerWrapperV010makeUIViewD07contextAA0bcD0C7SwiftUI0gD20RepresentableContextVyACG_tF",
            "mangledName": "$s13IADNFramework25AuthViewControllerWrapperV010makeUIViewD07contextAA0bcD0C7SwiftUI0gD20RepresentableContextVyACG_tF",
            "moduleName": "IADNFramework",
            "declAttributes": [
              "Preconcurrency",
              "Custom",
              "AccessControl"
            ],
            "funcSelfKind": "NonMutating"
          },
          {
            "kind": "Function",
            "name": "updateUIViewController",
            "printedName": "updateUIViewController(_:context:)",
            "children": [
              {
                "kind": "TypeNominal",
                "name": "Void",
                "printedName": "()"
              },
              {
                "kind": "TypeNominal",
                "name": "AuthViewController",
                "printedName": "IADNFramework.AuthViewController",
                "usr": "c:@M@IADNFramework@objc(cs)AuthViewController"
              },
              {
                "kind": "TypeNominal",
                "name": "UIViewControllerRepresentableContext",
                "printedName": "SwiftUI.UIViewControllerRepresentableContext<IADNFramework.AuthViewControllerWrapper>",
                "children": [
                  {
                    "kind": "TypeNominal",
                    "name": "AuthViewControllerWrapper",
                    "printedName": "IADNFramework.AuthViewControllerWrapper",
                    "usr": "s:13IADNFramework25AuthViewControllerWrapperV"
                  }
                ],
                "usr": "s:7SwiftUI36UIViewControllerRepresentableContextV"
              }
            ],
            "declKind": "Func",
            "usr": "s:13IADNFramework25AuthViewControllerWrapperV012updateUIViewD0_7contextyAA0bcD0C_7SwiftUI0gD20RepresentableContextVyACGtF",
            "mangledName": "$s13IADNFramework25AuthViewControllerWrapperV012updateUIViewD0_7contextyAA0bcD0C_7SwiftUI0gD20RepresentableContextVyACGtF",
            "moduleName": "IADNFramework",
            "declAttributes": [
              "Preconcurrency",
              "Custom",
              "AccessControl"
            ],
            "funcSelfKind": "NonMutating"
          },
          {
            "kind": "Function",
            "name": "getAuthenticationViewController",
            "printedName": "getAuthenticationViewController()",
            "children": [
              {
                "kind": "TypeNominal",
                "name": "AuthViewController",
                "printedName": "IADNFramework.AuthViewController",
                "usr": "c:@M@IADNFramework@objc(cs)AuthViewController"
              }
            ],
            "declKind": "Func",
            "usr": "s:13IADNFramework25AuthViewControllerWrapperV017getAuthenticationcD0AA0bcD0CyF",
            "mangledName": "$s13IADNFramework25AuthViewControllerWrapperV017getAuthenticationcD0AA0bcD0CyF",
            "moduleName": "IADNFramework",
            "declAttributes": [
              "Preconcurrency",
              "Custom"
            ],
            "funcSelfKind": "NonMutating"
          },
          {
            "kind": "Function",
            "name": "instantiateViewController",
            "printedName": "instantiateViewController(storyboardName:viewControllerID:)",
            "children": [
              {
                "kind": "TypeNominal",
                "name": "GenericTypeParam",
                "printedName": "τ_0_0"
              },
              {
                "kind": "TypeNominal",
                "name": "String",
                "printedName": "Swift.String",
                "usr": "s:SS"
              },
              {
                "kind": "TypeNominal",
                "name": "String",
                "printedName": "Swift.String",
                "usr": "s:SS"
              }
            ],
            "declKind": "Func",
            "usr": "s:13IADNFramework25AuthViewControllerWrapperV011instantiatecD014storyboardName04viewD2IDxSS_SStSo06UIViewD0CRbzlF",
            "mangledName": "$s13IADNFramework25AuthViewControllerWrapperV011instantiatecD014storyboardName04viewD2IDxSS_SStSo06UIViewD0CRbzlF",
            "moduleName": "IADNFramework",
            "genericSig": "<τ_0_0 where τ_0_0 : UIKit.UIViewController>",
            "sugared_genericSig": "<T where T : UIKit.UIViewController>",
            "declAttributes": [
              "Preconcurrency",
              "Custom",
              "AccessControl"
            ],
            "funcSelfKind": "NonMutating"
          }
        ],
        "declKind": "Struct",
        "usr": "s:13IADNFramework25AuthViewControllerWrapperV",
        "mangledName": "$s13IADNFramework25AuthViewControllerWrapperV",
        "moduleName": "IADNFramework",
        "declAttributes": [
          "Preconcurrency",
          "Custom",
          "AccessControl"
        ],
        "conformances": [
          {
            "kind": "Conformance",
            "name": "Copyable",
            "printedName": "Copyable",
            "usr": "s:s8CopyableP",
            "mangledName": "$ss8CopyableP"
          },
          {
            "kind": "Conformance",
            "name": "Escapable",
            "printedName": "Escapable",
            "usr": "s:s9EscapableP",
            "mangledName": "$ss9EscapableP"
          },
          {
            "kind": "Conformance",
            "name": "UIViewControllerRepresentable",
            "printedName": "UIViewControllerRepresentable",
            "children": [
              {
                "kind": "TypeWitness",
                "name": "UIViewControllerType",
                "printedName": "UIViewControllerType",
                "children": [
                  {
                    "kind": "TypeNominal",
                    "name": "AuthViewController",
                    "printedName": "IADNFramework.AuthViewController",
                    "usr": "c:@M@IADNFramework@objc(cs)AuthViewController"
                  }
                ]
              },
              {
                "kind": "TypeWitness",
                "name": "Coordinator",
                "printedName": "Coordinator",
                "children": [
                  {
                    "kind": "TypeNominal",
                    "name": "Void",
                    "printedName": "()"
                  }
                ]
              }
            ],
            "usr": "s:7SwiftUI29UIViewControllerRepresentableP",
            "mangledName": "$s7SwiftUI29UIViewControllerRepresentableP"
          },
          {
            "kind": "Conformance",
            "name": "View",
            "printedName": "View",
            "children": [
              {
                "kind": "TypeWitness",
                "name": "Body",
                "printedName": "Body",
                "children": [
                  {
                    "kind": "TypeNominal",
                    "name": "Never",
                    "printedName": "Swift.Never",
                    "usr": "s:s5NeverO"
                  }
                ]
              }
            ],
            "usr": "s:7SwiftUI4ViewP",
            "mangledName": "$s7SwiftUI4ViewP"
          },
          {
            "kind": "Conformance",
            "name": "Sendable",
            "printedName": "Sendable",
            "usr": "s:s8SendableP",
            "mangledName": "$ss8SendableP"
          }
        ]
      },
      {
        "kind": "Import",
        "name": "UIKit",
        "printedName": "UIKit",
        "declKind": "Import",
        "moduleName": "IADNFramework",
        "declAttributes": [
          "RawDocComment"
        ]
      },
      {
        "kind": "TypeDecl",
        "name": "DummyManager",
        "printedName": "DummyManager",
        "children": [
          {
            "kind": "Constructor",
            "name": "init",
            "printedName": "init()",
            "children": [
              {
                "kind": "TypeNominal",
                "name": "DummyManager",
                "printedName": "IADNFramework.DummyManager",
                "usr": "s:13IADNFramework12DummyManagerC"
              }
            ],
            "declKind": "Constructor",
            "usr": "s:13IADNFramework12DummyManagerCACycfc",
            "mangledName": "$s13IADNFramework12DummyManagerCACycfc",
            "moduleName": "IADNFramework",
            "declAttributes": [
              "AccessControl"
            ],
            "init_kind": "Designated"
          },
          {
            "kind": "Function",
            "name": "validateAuthenticity",
            "printedName": "validateAuthenticity()",
            "children": [
              {
                "kind": "TypeNominal",
                "name": "Bool",
                "printedName": "Swift.Bool",
                "usr": "s:Sb"
              }
            ],
            "declKind": "Func",
            "usr": "s:13IADNFramework12DummyManagerC20validateAuthenticitySbyF",
            "mangledName": "$s13IADNFramework12DummyManagerC20validateAuthenticitySbyF",
            "moduleName": "IADNFramework",
            "isOpen": true,
            "declAttributes": [
              "AccessControl",
              "RawDocComment"
            ],
            "funcSelfKind": "NonMutating"
          }
        ],
        "declKind": "Class",
        "usr": "s:13IADNFramework12DummyManagerC",
        "mangledName": "$s13IADNFramework12DummyManagerC",
        "moduleName": "IADNFramework",
        "isOpen": true,
        "declAttributes": [
          "AccessControl",
          "RawDocComment"
        ],
        "conformances": [
          {
            "kind": "Conformance",
            "name": "Copyable",
            "printedName": "Copyable",
            "usr": "s:s8CopyableP",
            "mangledName": "$ss8CopyableP"
          },
          {
            "kind": "Conformance",
            "name": "Escapable",
            "printedName": "Escapable",
            "usr": "s:s9EscapableP",
            "mangledName": "$ss9EscapableP"
          }
        ]
      },
      {
        "kind": "Import",
        "name": "UIKit",
        "printedName": "UIKit",
        "declKind": "Import",
        "moduleName": "IADNFramework",
        "declAttributes": [
          "RawDocComment"
        ]
      },
      {
        "kind": "TypeDecl",
        "name": "AuthViewController",
        "printedName": "AuthViewController",
        "children": [
          {
            "kind": "Function",
            "name": "viewDidLoad",
            "printedName": "viewDidLoad()",
            "children": [
              {
                "kind": "TypeNominal",
                "name": "Void",
                "printedName": "()"
              }
            ],
            "declKind": "Func",
            "usr": "c:@M@IADNFramework@objc(cs)AuthViewController(im)viewDidLoad",
            "mangledName": "$s13IADNFramework18AuthViewControllerC11viewDidLoadyyF",
            "moduleName": "IADNFramework",
            "overriding": true,
            "isOpen": true,
            "objc_name": "viewDidLoad",
            "declAttributes": [
              "Dynamic",
              "ObjC",
              "Preconcurrency",
              "Custom",
              "Override",
              "AccessControl"
            ],
            "funcSelfKind": "NonMutating"
          },
          {
            "kind": "Function",
            "name": "dismissAction",
            "printedName": "dismissAction(sender:)",
            "children": [
              {
                "kind": "TypeNominal",
                "name": "Void",
                "printedName": "()"
              },
              {
                "kind": "TypeNominal",
                "name": "UIButton",
                "printedName": "UIKit.UIButton",
                "usr": "c:objc(cs)UIButton"
              }
            ],
            "declKind": "Func",
            "usr": "c:@M@IADNFramework@objc(cs)AuthViewController(im)dismissActionWithSender:",
            "mangledName": "$s13IADNFramework18AuthViewControllerC13dismissAction6senderySo8UIButtonC_tF",
            "moduleName": "IADNFramework",
            "isOpen": true,
            "declAttributes": [
              "Preconcurrency",
              "Custom",
              "IBAction",
              "ObjC"
            ],
            "funcSelfKind": "NonMutating"
          },
          {
            "kind": "Constructor",
            "name": "init",
            "printedName": "init(nibName:bundle:)",
            "children": [
              {
                "kind": "TypeNominal",
                "name": "AuthViewController",
                "printedName": "IADNFramework.AuthViewController",
                "usr": "c:@M@IADNFramework@objc(cs)AuthViewController"
              },
              {
                "kind": "TypeNominal",
                "name": "Optional",
                "printedName": "Swift.String?",
                "children": [
                  {
                    "kind": "TypeNominal",
                    "name": "String",
                    "printedName": "Swift.String",
                    "usr": "s:SS"
                  }
                ],
                "usr": "s:Sq"
              },
              {
                "kind": "TypeNominal",
                "name": "Optional",
                "printedName": "Foundation.Bundle?",
                "children": [
                  {
                    "kind": "TypeNominal",
                    "name": "Bundle",
                    "printedName": "Foundation.Bundle",
                    "usr": "c:objc(cs)NSBundle"
                  }
                ],
                "usr": "s:Sq"
              }
            ],
            "declKind": "Constructor",
            "usr": "c:@M@IADNFramework@objc(cs)AuthViewController(im)initWithNibName:bundle:",
            "mangledName": "$s13IADNFramework18AuthViewControllerC7nibName6bundleACSSSg_So8NSBundleCSgtcfc",
            "moduleName": "IADNFramework",
            "overriding": true,
            "implicit": true,
            "objc_name": "initWithNibName:bundle:",
            "declAttributes": [
              "Dynamic",
              "ObjC",
              "Preconcurrency",
              "Custom",
              "Override"
            ],
            "init_kind": "Designated"
          },
          {
            "kind": "Constructor",
            "name": "init",
            "printedName": "init(coder:)",
            "children": [
              {
                "kind": "TypeNominal",
                "name": "Optional",
                "printedName": "IADNFramework.AuthViewController?",
                "children": [
                  {
                    "kind": "TypeNominal",
                    "name": "AuthViewController",
                    "printedName": "IADNFramework.AuthViewController",
                    "usr": "c:@M@IADNFramework@objc(cs)AuthViewController"
                  }
                ],
                "usr": "s:Sq"
              },
              {
                "kind": "TypeNominal",
                "name": "NSCoder",
                "printedName": "Foundation.NSCoder",
                "usr": "c:objc(cs)NSCoder"
              }
            ],
            "declKind": "Constructor",
            "usr": "c:@M@IADNFramework@objc(cs)AuthViewController(im)initWithCoder:",
            "mangledName": "$s13IADNFramework18AuthViewControllerC5coderACSgSo7NSCoderC_tcfc",
            "moduleName": "IADNFramework",
            "overriding": true,
            "implicit": true,
            "objc_name": "initWithCoder:",
            "declAttributes": [
              "Dynamic",
              "ObjC",
              "Preconcurrency",
              "Custom",
              "Required"
            ],
            "init_kind": "Designated"
          }
        ],
        "declKind": "Class",
        "usr": "c:@M@IADNFramework@objc(cs)AuthViewController",
        "mangledName": "$s13IADNFramework18AuthViewControllerC",
        "moduleName": "IADNFramework",
        "isOpen": true,
        "declAttributes": [
          "Preconcurrency",
          "Custom",
          "AccessControl",
          "ObjC"
        ],
        "superclassUsr": "c:objc(cs)UIViewController",
        "inheritsConvenienceInitializers": true,
        "superclassNames": [
          "UIKit.UIViewController",
          "UIKit.UIResponder",
          "ObjectiveC.NSObject"
        ],
        "conformances": [
          {
            "kind": "Conformance",
            "name": "Copyable",
            "printedName": "Copyable",
            "usr": "s:s8CopyableP",
            "mangledName": "$ss8CopyableP"
          },
          {
            "kind": "Conformance",
            "name": "Escapable",
            "printedName": "Escapable",
            "usr": "s:s9EscapableP",
            "mangledName": "$ss9EscapableP"
          },
          {
            "kind": "Conformance",
            "name": "Equatable",
            "printedName": "Equatable",
            "usr": "s:SQ",
            "mangledName": "$sSQ"
          },
          {
            "kind": "Conformance",
            "name": "Hashable",
            "printedName": "Hashable",
            "usr": "s:SH",
            "mangledName": "$sSH"
          },
          {
            "kind": "Conformance",
            "name": "CVarArg",
            "printedName": "CVarArg",
            "usr": "s:s7CVarArgP",
            "mangledName": "$ss7CVarArgP"
          },
          {
            "kind": "Conformance",
            "name": "_KeyValueCodingAndObservingPublishing",
            "printedName": "_KeyValueCodingAndObservingPublishing",
            "usr": "s:10Foundation37_KeyValueCodingAndObservingPublishingP",
            "mangledName": "$s10Foundation37_KeyValueCodingAndObservingPublishingP"
          },
          {
            "kind": "Conformance",
            "name": "_KeyValueCodingAndObserving",
            "printedName": "_KeyValueCodingAndObserving",
            "usr": "s:10Foundation27_KeyValueCodingAndObservingP",
            "mangledName": "$s10Foundation27_KeyValueCodingAndObservingP"
          },
          {
            "kind": "Conformance",
            "name": "CustomStringConvertible",
            "printedName": "CustomStringConvertible",
            "usr": "s:s23CustomStringConvertibleP",
            "mangledName": "$ss23CustomStringConvertibleP"
          },
          {
            "kind": "Conformance",
            "name": "CustomDebugStringConvertible",
            "printedName": "CustomDebugStringConvertible",
            "usr": "s:s28CustomDebugStringConvertibleP",
            "mangledName": "$ss28CustomDebugStringConvertibleP"
          },
          {
            "kind": "Conformance",
            "name": "UITraitChangeObservable",
            "printedName": "UITraitChangeObservable",
            "usr": "s:5UIKit23UITraitChangeObservableP",
            "mangledName": "$s5UIKit23UITraitChangeObservableP"
          }
        ]
      }
    ],
    "json_format_version": 8
  },
  "ConstValues": []
}